{"initial_reset_timestamp": 1612108256.750476, "timestamps": [1612108274.195477], "episode_lengths": [500], "episode_rewards": [-60.05247900744491], "episode_types": ["t"]}